<?xml version="1.0" encoding="UTF-8"?>
<!DOCTYPE mapper PUBLIC "-//mybatis.org//DTD Mapper 3.0//EN" "http://mybatis.org/dtd/mybatis-3-mapper.dtd">
<mapper namespace="cn.geny.health.mapper.CheckEntityMapper">
  <resultMap id="BaseResultMap" type="cn.geny.health.po.CheckEntity">
    <!--@mbg.generated-->
    <!--@Table check_entity-->
    <id column="CHECK_ID" jdbcType="VARCHAR" property="checkId" />
    <result column="NAME" jdbcType="VARCHAR" property="name" />
    <result column="DESCRIPTION" jdbcType="VARCHAR" property="description" />
    <result column="TYPE" jdbcType="VARCHAR" property="type" />
    <result column="CREATE_BY" jdbcType="VARCHAR" property="createBy" />
    <result column="CREATE_TIME" jdbcType="TIMESTAMP" property="createTime" />
    <result column="UPDATE_BY" jdbcType="VARCHAR" property="updateBy" />
    <result column="UPDATE_TIME" jdbcType="TIMESTAMP" property="updateTime" />
    <result column="DEL_FLAG" jdbcType="VARCHAR" property="delFlag" />
    <result column="PARAM1" jdbcType="VARCHAR" property="param1" />
    <result column="PARAM2" jdbcType="VARCHAR" property="param2" />
    <result column="PARAM3" jdbcType="VARCHAR" property="param3" />
    <result column="PARAM4" jdbcType="VARCHAR" property="param4" />
  </resultMap>
  <sql id="Base_Column_List">
    <!--@mbg.generated-->
    CHECK_ID, `NAME`, DESCRIPTION, `TYPE`, CREATE_BY, CREATE_TIME, UPDATE_BY, UPDATE_TIME, 
    DEL_FLAG, PARAM1, PARAM2, PARAM3, PARAM4
  </sql>
</mapper>