<?xml version="1.0" encoding="UTF-8"?>
<!DOCTYPE mapper PUBLIC "-//mybatis.org//DTD Mapper 3.0//EN" "http://mybatis.org/dtd/mybatis-3-mapper.dtd">
<mapper namespace="cn.geny.health.mapper.RoleMapper">
  <resultMap id="BaseResultMap" type="cn.geny.health.po.Role">
    <!--@mbg.generated-->
    <!--@Table `role`-->
    <id column="ROLE_ID" jdbcType="VARCHAR" property="roleId" />
    <result column="ROLE_NAME" jdbcType="VARCHAR" property="roleName" />
    <result column="ROLE_KEY" jdbcType="VARCHAR" property="roleKey" />
    <result column="ROLE_SORT" jdbcType="INTEGER" property="roleSort" />
    <result column="DATA_SCOPE" jdbcType="CHAR" property="dataScope" />
    <result column="MENU_CHECK_STRICTLY" jdbcType="BOOLEAN" property="menuCheckStrictly" />
    <result column="DEPT_CHECK_STRICTLY" jdbcType="BOOLEAN" property="deptCheckStrictly" />
    <result column="STATUS" jdbcType="CHAR" property="status" />
    <result column="DEL_FLAG" jdbcType="CHAR" property="delFlag" />
    <result column="CREATE_BY" jdbcType="VARCHAR" property="createBy" />
    <result column="CREATE_TIME" jdbcType="TIMESTAMP" property="createTime" />
    <result column="UPDATE_BY" jdbcType="VARCHAR" property="updateBy" />
    <result column="UPDATE_TIME" jdbcType="TIMESTAMP" property="updateTime" />
    <result column="REMARK" jdbcType="VARCHAR" property="remark" />
  </resultMap>
  <sql id="Base_Column_List">
    <!--@mbg.generated-->
    ROLE_ID, ROLE_NAME, ROLE_KEY, ROLE_SORT, DATA_SCOPE, MENU_CHECK_STRICTLY, DEPT_CHECK_STRICTLY, 
    `STATUS`, DEL_FLAG, CREATE_BY, CREATE_TIME, UPDATE_BY, UPDATE_TIME, REMARK
  </sql>
</mapper>